clean,created_at,full_text,id,label,crowd_label
"[""any"",""tipsadvice"",""for"",""someone"",""who"",""is"",""new"",""and"",""has"",""never"",""play"",""dungeons"",""and"",""dragons"",""before""]",Sat Mar 20 11:20:44 +0000 2021,any tips/advice for someone who is new and has never play dungeons and dragons before? #dungeonsanddragons #dnd #DnDcharacter #twitchstreamer #twitchtv #smallstreamers #Livestream #rpg #tabletopgaming #tabletopgames #Help #NerdsUnite #Excited,1.37323E+18,excited,
"[""for"",""bazouma"",""to"",""rule"",""based"",""on"",""allegations"",""levelled"",""against"",""him"",""as"",""libyan"",""niger"",""will"",""be"",""me"",""if"",""issoufou"",""continue"",""to"",""hold"",""onto"",""power"",""because"",""it"",""is"",""not"",""news"",""in"",""west"",""africa"",""francophone"",""countries"",""manifested"",""by"",""guinea"",""cote"",""divoire"",""opinion""]",Sat Mar 20 11:16:53 +0000 2021,"#Nervous for Bazouma to rule based on allegations levelled against him as Libyan.

@MahamnOusmane
@bot_niger
#Excited will be me if Issoufou continue to hold onto power because it is not news in West Africa francophone countries.
manifested by Guinea, Cote D'ivoire...
#My opinion",1.37323E+18,excited,
"[""compston"",""oh"",""man"",""binge"",""watching"",""the"",""whole"",""series"",""before"",""it"",""starts"",""so"",""good"",""ğŸ’ğŸ´ó §ó ¢ó ³ó £ó ´ó ¿""]",Sat Mar 20 11:10:36 +0000 2021,@martin_compston @JaneyGodley Oh man. Binge watching the whole series before it starts.... soooo good. #excited ğŸ’ğŸ´ó §ó ¢ó ³ó £ó ´ó ¿,1.37323E+18,excited,
"[""â¡ï¸new"",""citizen"",""l32"",""lfv"",""coming"",""soon"",""mampm"",""turned"",""parts"",""ltd""]",Sat Mar 20 10:55:19 +0000 2021,â¡ï¸New Citizen L32 LFV coming soon! #excited #slidinghead #CNC #LFV #Citizen #turnedparts @ M&amp;M Turned Parts Ltd https://t.co/yzlikXrOPm,1.37323E+18,excited,
"[""cannot"",""wait"",""to"",""share"",""new"",""music"",""with"",""you"",""guys"",""it has / it is"",""good"",""vibes"",""saturday""]",Sat Mar 20 10:26:19 +0000 2021,"Canâ€™t wait to share new music with you guys , itâ€™s Good vibes Saturday #excited #NewHorizons #NewMusic #comingyourway #GetReady #goodvibesonly #Hybrids #westindiestakeover https://t.co/S2MyesjVU0",1.37322E+18,excited,excited
"[""centre"",""our"",""programme"",""kicks"",""off"",""on"",""and"",""we"",""could"",""not"",""be"",""more"",""to"",""meet"",""the"",""20""]",Sat Mar 20 10:24:55 +0000 2021,RT @Confirm_Centre: Our #virtual #transitionyear programme kicks off on #Monday and we could not be more #excited to meet the 20 #Studentsâ€¦,1.37322E+18,excited,excited
"[""looks"",""like"",""my"",""mutt"",""when"",""he"",""finds"",""his"",""ball""]",Sat Mar 20 10:21:20 +0000 2021,@DerbysDogPolice Looks like my mutt when he finds his ball! #excited,1.37322E+18,excited,excited
"[""paintpots"",""jkd"",""just"",""getting"",""the"",""hoovering"",""done"",""amp"",""then"",""a"",""well"",""deserved"",""cuppa"",""to"",""relax"",""amp"",""listen"",""ğŸ§"",""a"",""fantastic"",""line"",""up"",""â­ï¸""]",Sat Mar 20 10:08:48 +0000 2021,@AaronEarlyYears @teacherhugradio @Mr_PaintPots @earlyyearsHP @SwailesRuth @Valerie_JKD Just getting the hoovering done &amp; then a well deserved cuppa to relax &amp; listen ğŸ§ A fantastic line up! â­ï¸ #excited,1.37321E+18,excited,excited
"[""good"",""morning"",""spring"",""what"",""are"",""you"",""most"",""excited"",""for"",""this"",""spring"",""comment"",""below""]",Sat Mar 20 10:00:46 +0000 2021,"Good morning SPRING!  What are you most excited for this Spring? 
 Comment below! #march #springishere #spring  #saturday #weekend #news #greatnews #excited #springtime #springshere #ferguselora #elorafergus #fergus #elora #centrewellington #chiropractic #chiropractor https://t.co/COscUG0eTZ",1.37321E+18,excited,excited
"[""our"",""programme"",""kicks"",""off"",""on"",""and"",""we"",""could"",""not"",""be"",""more"",""to"",""meet"",""the"",""20"",""participating"",""from"",""all"",""over"",""keep"",""an"",""eye"",""on"",""our"",""next"",""week"",""to"",""see"",""what"",""they"",""get"",""up"",""to""]",Sat Mar 20 10:00:44 +0000 2021,Our #virtual #transitionyear programme kicks off on #Monday and we could not be more #excited to meet the 20 #Students participating from all over #Ireland... keep an eye on our #website next week to see what they get up to https://t.co/KZnXJwbAMQ @scienceirel @EngineeringAtUL https://t.co/VtlMeSeBKJ,1.37321E+18,excited,excited
"[""right"",""i"",""am"",""now"",""starting"",""dts"",""3"",""now"",""will"",""be"",""on"",""a"",""bf"",""off"",""all"",""day"",""so"",""i"",""will"",""let"",""you"",""know"",""at"",""the"",""end""]",Sat Mar 20 09:55:44 +0000 2021,"Right I am now starting DTS 3 now. 

Will be on a bf off all day so I will let you know at the end. 

#excited https://t.co/k1BWbIF0E6",1.37321E+18,excited,excited
"[""â¦voiceâ©"",""so"",""happy"",""feeding"",""birds"",""all"",""winter"",""we"",""put"",""a"",""nesting"",""box"",""up"",""amp"",""yippee"",""a"",""pair"",""of"",""tits"",""happily"",""pulling"",""my"",""flower"",""baskets"",""apart"",""to"",""build"",""a"",""nest"",""i"",""spent"",""half"",""an"",""hour"",""watching"",""the"",""fly"",""around"",""busy"",""great"",""feeling""]",Sat Mar 20 09:54:00 +0000 2021,â¦@Natures_Voiceâ© so happy feeding birds all winter we put a nesting box up &amp; yippee a pair of Tits happily pulling my flower baskets apart to build a nest #excited. I spent half an hour watching the fly around busy great feeling https://t.co/pISXrqcCxm,1.37321E+18,excited,happy
"[""we"",""is"",""going"",""to"",""stay"",""with"",""auntie"",""linda"",""tonight"",""an"",""me"",""an"",""peach"",""are"",""going"",""to"",""go"",""to"",""a"",""national"",""trust"",""garden"",""dis"",""afternoon"",""i"",""wonder"",""if"",""it"",""has"",""squirrels"",""ğŸ¿"",""ğŸ¤”""]",Sat Mar 20 09:46:31 +0000 2021,We is going to stay with auntie Linda tonight an me an Peach are going to go to a National Trust garden dis afternoon.  I wonder if it has squirrels ğŸ¿ ğŸ¤” #excited,1.37321E+18,excited,
"[""just"",""booked"",""the"",""4"",""digital"",""symphonic"",""concerts"",""series"",""what"",""a"",""good"",""idea"",""we are"",""going"",""to"",""choose"",""dates"",""to"",""put"",""in"",""our"",""diary"",""to"",""watch"",""them"",""amp"",""i"",""may"",""make"",""my"",""husband"",""and"",""i"",""dress"",""up"",""for"",""the"",""occasion""]",Sat Mar 20 09:42:30 +0000 2021,Just booked the 4 digital symphonic concerts series @TheCBSO What a good idea. Weâ€™re going to choose dates to put in our diary to watch them &amp; I may make my husband and I dress up for the occasion #digitalconcert #concert #excited,1.37321E+18,excited,
"[""milano"",""san"",""remo"",""la"",""primavera"",""first"",""ğŸš´ğŸ»â€â™‚ï¸monument"",""of"",""the"",""year""]",Sat Mar 20 09:38:32 +0000 2021,"RT @alasdairmcgill: Milano San Remo, La Primavera. First ğŸš´ğŸ»â€â™‚ï¸Monument of the year #excited https://t.co/ohg58MxXJ4",1.37321E+18,excited,
"[""making"",""baked"",""oats"",""i"",""am""]",Sat Mar 20 09:21:00 +0000 2021,Making baked oats I am #excited,1.3732E+18,excited,
"[""happy"",""saturday"",""tweephearts"",""amptwitteroos"",""ğŸ¤—"",""xx"",""1st"",""day"",""of"",""springğŸŒâœ…"",""1st"",""2021"",""golf"",""round"",""â›³âœ…"",""grand"",""slam"",""ğŸ´ó §ó ¢ó ·ó ¬ó ³ó ¿ğŸ‰"",""ğŸ¤âœ…""]",Sat Mar 20 09:16:35 +0000 2021,"Happy Saturday Tweephearts &amp;Twitteroos ğŸ¤— xx  #Excited 
1st day of SpringğŸŒâœ…
1st 2021 golf round â›³âœ…
#6N Grand Slam ? ğŸ´ó §ó ¢ó ·ó ¬ó ³ó ¿ğŸ‰ ğŸ¤âœ… https://t.co/PMI7DpaxyG",1.3732E+18,excited,
"[""eyes"",""that"",""always"",""search"",""for"",""the"",""win"",""can"",""you"",""recall"",""these"",""eyes""]",Sat Mar 20 09:13:50 +0000 2021,"RT @AMBRANEINDIA: Eyes that always search for the win!
Can you recall these eyes?
#gettingready #playbold #moment #coming #excited #ambraneâ€¦",1.3732E+18,excited,
"[""ok"",""i am"",""off"",""to"",""forage"",""for"",""southern"",""auroras"",""using"",""a"",""dreamliner"",""away"",""team"",""safely"",""distributed"",""across"",""theâ€¦""]",Sat Mar 20 09:07:34 +0000 2021,RT @iangriffin: Ok Iâ€™m off to forage for southern. auroras using a @boeing Dreamliner. @otagomuseum away team safely distributed across theâ€¦,1.3732E+18,excited,
"[""redditchâ€™s"",""version"",""of"",""the"",""coca"",""cola"",""advert"",""ğŸ¥³""]",Sat Mar 20 09:05:32 +0000 2021,Redditchâ€™s version of the Coca Cola advert ğŸ¥³ #Redditch #Excited https://t.co/flR7E7ASj5,1.3732E+18,excited,
"[""spring"",""has"",""sprung"",""ğŸŒ¸"",""ğŸ°"",""today"",""marks"",""the"",""official"",""start"",""of"",""spring"",""2021"",""what"",""are"",""you"",""most"",""looking"",""forward"",""to"",""about"",""the"",""season"",""let"",""us"",""know"",""ğŸ˜Š"",""â¤µï¸""]",Sat Mar 20 09:00:05 +0000 2021,"SPRING HAS SPRUNG! ğŸŒ¸ ğŸ°
Today marks the official start of Spring 2021!
What are you most looking forward to about the season? Let us know! ğŸ˜Š â¤µï¸
#Wrexham #OurTown #Spring #Excited #Comment https://t.co/MLJ1UWs33v",1.3732E+18,excited,
"[""ofduty"",""i"",""cannot"",""wait""]",Sat Mar 20 08:43:06 +0000 2021,@TreaclesCakes @Line_of_duty @BBCOne I canâ€™t wait! #excited #bestshowontv,1.37319E+18,excited,
"[""hey"",""it"",""will"",""start"",""in"",""59"",""mins""]",Sat Mar 20 08:32:54 +0000 2021,"Hey, It will start in 59 mins !!!!!!
@womensday @WomenTechNet @WomenTechmakers @WtmIndia @WTMJalandhar #women #technology #tech #event #Excited #IWDIndia2021 #couragetocreate #LifeGoesOn https://t.co/vWoXk1Vrn9",1.37319E+18,excited,
"[""boughen"",""i"",""am"",""very"",""excited"",""i"",""have"",""been"",""offered"",""my"",""first"",""ot"",""job"",""ğŸ™ŒğŸ’š""]",Sat Mar 20 08:29:48 +0000 2021,RT @zoe_boughen: I am very excited I have been offered my first OT job!! ğŸ™ŒğŸ’š #OccupationalTherapy #studentOT #excited,1.37319E+18,excited,
"[""pleased"",""to"",""announce"",""we have"",""secured"",""some"",""funding"",""from"",""to"",""run"",""some"",""positive"",""projects"",""with"",""the"",""young"",""people"",""of"",""over"",""the"",""next"",""year"",""helping"",""them"",""to"",""have"",""super"",""awesome"",""digital"",""lives"",""thanks""]",Sat Mar 20 08:27:34 +0000 2021,Pleased to announce weâ€™ve secured some funding from @wiltscouncil to run some positive projects with the young people of @corshamschool over the next year! Helping them to have super awesome digital lives. #positive #excited #empoweringyoungpeople thanks @RosGriffithsCEM https://t.co/AW3cHXWJ4h,1.37319E+18,excited,
"[""has"",""started"",""time"",""for"",""a"",""catchup"",""on"",""best"",""software"",""architecture"",""trends""]",Sat Mar 20 08:18:43 +0000 2021,#boilingfrogs21 has started. Time for a catch-up on best software architecture trends #excited,1.37319E+18,excited,
"[""morning"",""jane"",""tree"",""is"",""budding""]",Sat Mar 20 08:09:46 +0000 2021,Morning! Jane Tree is budding! #excited #whatcolourflowerswillshehave https://t.co/mFSzhVapsO,1.37318E+18,excited,
"[""so"",""to"",""netflix"",""n"",""chill"",""with"",""you"",""sponsor"",""us"",""we"",""are"",""rlly"",""big"",""and"",""devoted"",""fans"",""to"",""ur"",""products"",""ğŸ™"",""redbul"",""ew"",""i"",""just"",""baby"",""vomâ€™d"",""in"",""my"",""mouth""]",Sat Mar 20 07:35:52 +0000 2021,@soooogonemonica so #excited to netflix n chill with you #redbull sponsor us we are rlly big and devoted fans to ur products ğŸ™ #BANANA REDBULLLLLL ew i just baby vomâ€™d in my mouth #yuck,1.37318E+18,excited,
"[""very"",""that"",""my"",""new"",""single"",""the"",""first"",""time"",""has"",""featured"",""on"",""this"",""months"",""of"",""along"",""wiâ€¦""]",Sat Mar 20 07:31:37 +0000 2021,RT @Ragsy78: Very #Excited that my new single 'The First Time' has featured on this month's @Spotify #Playlist of @welshgocreative along wiâ€¦,1.37318E+18,excited,
"[""like"",""a"",""moth"",""to"",""a"",""flame"",""weve"",""taken"",""the"",""plunge"",""and"",""added"",""candles"",""to"",""our"",""range"",""this"",""is"",""a"",""test"",""sample"",""but"",""the"",""finished"",""ones"",""will"",""be"",""ready"",""soon"",""theyll"",""come"",""in"",""four"",""designs"",""each"",""with"",""a"",""100"",""essential"",""oil"",""fragrance"",""blend"",""100"",""plant"",""wax"",""locally"",""handpoured"",""gorgeousness""]",Sat Mar 20 07:20:00 +0000 2021,"Like a moth to a flame, we've taken the plunge and added candles to our range! This is a test sample, but the finished ones will be ready soon. They'll come in four designs, each with a 100% essential oil fragrance blend. 100% plant wax, locally hand-poured gorgeousness. #excited https://t.co/XJ2SLELofI",1.37317E+18,excited,
"[""milano"",""san"",""remo"",""la"",""primavera"",""first"",""ğŸš´ğŸ»â€â™‚ï¸monument"",""of"",""the"",""year""]",Sat Mar 20 07:03:45 +0000 2021,"Milano San Remo, La Primavera. First ğŸš´ğŸ»â€â™‚ï¸Monument of the year #excited https://t.co/ohg58MxXJ4",1.37317E+18,excited,
"[""tonights"",""movie"",""ğŸ¥°""]",Sat Mar 20 06:49:49 +0000 2021,Tonights movie ğŸ¥° #Excited https://t.co/CTIbQX9g4i,1.37316E+18,excited,
"[""have"",""these"",""come"",""in"",""yet""]",Sat Mar 20 06:39:11 +0000 2021,@MalvaEly Have these come in yet? #excited #KimTaehyung,1.37316E+18,excited,
"[""very"",""that"",""my"",""new"",""single"",""the"",""first"",""time"",""has"",""featured"",""on"",""this"",""months"",""of"",""along"",""with"",""so"",""many"",""great"",""welsh"",""artists"",""heres"",""the"",""link"",""below"",""please"",""click"",""on"",""the"",""link"",""and"",""have"",""a"",""listen"",""diolch"",""ğŸ™‚""]",Sat Mar 20 06:35:04 +0000 2021,"Very #Excited that my new single 'The First Time' has featured on this month's @Spotify #Playlist of @welshgocreative along with so many great Welsh Artists. Here's the link below. Please click on the link and have a listen. Diolch ğŸ™‚
 https://t.co/fsthxjp4Gh",1.37316E+18,excited,
"[""ok"",""i am"",""off"",""to"",""forage"",""for"",""southern"",""auroras"",""using"",""a"",""dreamliner"",""away"",""team"",""safely"",""distributed"",""across"",""the"",""plane"",""to"",""ensure"",""top"",""quality"",""outreach"",""see"",""you"",""in"",""ten"",""hours""]",Sat Mar 20 06:16:13 +0000 2021,Ok Iâ€™m off to forage for southern. auroras using a @boeing Dreamliner. @otagomuseum away team safely distributed across the plane to ensure top quality outreach. See you in ten hours #excited https://t.co/LzwH98e5Is,1.37316E+18,excited,
"[""thanks"",""steve"",""we"",""appreciate"",""your"",""work"",""and"",""trying"",""to"",""help"",""us"",""weekly""]",Sat Mar 20 05:59:25 +0000 2021,@Stevelionaire Thanks Steve #waiting #excited we appreciate your work and trying to help us weekly,1.37315E+18,excited,
"[""big"",""announcement"",""from"",""university"",""top"",""levels"",""our"",""7th"",""sem"",""exams"",""are"",""postponed"",""and"",""8th"",""sem"",""will"",""be"",""start"",""from"",""monday"",""eagerly"",""waiting"",""to"",""go"",""from"",""monday"",""and"",""start"",""fresh"",""ps"",""kuch"",""b"",""ho"",""sakta"",""hai""]",Sat Mar 20 05:43:49 +0000 2021,"Big Announcement from University Top levels ,Our 7th sem Exams are Postponed and 8th sem will be start from Monday.... Eagerly waiting to go from Monday and Start Fresh #NewSemester #OnTheWay #Excited
.
.
.
 #Itis2021 PS:- Kuch b ho sakta hai",1.37315E+18,excited,
"[""run"",""international"",""day"",""of"",""happiness""]",Sat Mar 20 05:39:18 +0000 2021,"RT @pixel_run: International Day Of Happiness

#happiness #happier #happy #love #smile #fun #instahappy  #feelgood #sohappy #excited #joy #â€¦",1.37315E+18,excited,
"[""it has / it is"",""good"",""night"",""for"",""me"",""early"",""morning"",""road"",""trip""]",Sat Mar 20 05:35:22 +0000 2021,Itâ€™s good night for me! Early morning road trip! #excited #happytimes #memories #LoveNLife,1.37315E+18,excited,
"[""seth"",""vs"",""shinsuke"",""strong"",""style"",""vs"",""confidence"",""at"",""fast"",""lane"",""wwe"",""universe"",""thoughts"",""ğŸ¤”""]",Sat Mar 20 05:27:29 +0000 2021,"#Fastlane #WWEFastlane #NewsAlert 
Seth vs Shinsuke
Strong style vs confidence 
At fast lane 
#excited
#notexcited
Wwe universe thoughts ğŸ¤”? https://t.co/ZaPVpIaK9V",1.37314E+18,excited,
"[""tomorrow"",""im"",""going"",""to"",""bleach"",""my"",""hair"",""again""]",Sat Mar 20 05:15:44 +0000 2021,tomorrow im going to bleach my hair again! #excited,1.37314E+18,excited,
"[""international"",""day"",""of"",""happiness""]",Sat Mar 20 04:53:31 +0000 2021,"International Day Of Happiness

#happiness #happier #happy #love #smile #fun #instahappy  #feelgood #sohappy #excited #joy #happyday #funny #funtimes #happyhappy #happydays  #goodday #healthier #bestday #digitalmarketing #seoservices #webdevelopment #webdesign #PixelRun https://t.co/1XLWdj5dNN",1.37314E+18,excited,
"[""international"",""day"",""of"",""happiness""]",Sat Mar 20 04:52:11 +0000 2021,"RT @HelloVizag: International Day Of Happiness

#happiness #happier #happy #love #smile #fun #instahappy  #feelgood #sohappy #smiling #enjoâ€¦",1.37314E+18,excited,
"[""yaahuuu"",""thanks"",""alot"",""for"",""making"",""it"",""possible"",""to"",""see"",""new"",""jersey"",""this"",""point"",""ill"",""be"",""very"",""happy"",""thanq"",""niren"",""siâ€¦""]",Sat Mar 20 04:52:09 +0000 2021,RT @ImYAGNA: Yaahuuu Thanks alot @UnitedSprints for making it possible to see #RCB new jersey this point. I'll be very happy thanq Niren siâ€¦,1.37314E+18,excited,
"[""international"",""day"",""of"",""happiness""]",Sat Mar 20 04:50:51 +0000 2021,"International Day Of Happiness

#happiness #happier #happy #love #smile #fun #instahappy  #feelgood #sohappy #smiling #enjoy #excited #joy #happyday #happyhappy #happydays  #goodday #healthier #bestday #vizag #vizagnews #newsofvizag #visakhapatnam #visakhapatnamnews https://t.co/kBfujAERnT",1.37313E+18,excited,
"[""â€œtreasure"",""â€œ"",""so"",""for"",""my""]",Sat Mar 20 04:13:26 +0000 2021,"â€œTreasure â€œ
So #excited for my #new #collection https://t.co/xJwLmTOTCb",1.37313E+18,excited,
"[""i am"",""going"",""to"",""be"",""a"",""mommy"",""my"",""little"",""one"",""is"",""due"",""in"",""september"",""ğŸŒ¿"",""same"",""birthday"",""month"",""as"",""me"",""i"",""cannot"",""wait"",""to"",""meet"",""you"",""my"",""love""]",Sat Mar 20 04:02:01 +0000 2021,"Iâ€™m going to be a mommy... my little one is due in September ğŸŒ¿ same birthday month as me I canâ€™t wait to meet you my love 
.
.
#singlemom #pregnant #excited #newmom https://t.co/lj7EGiQBC0",1.37312E+18,excited,
"[""happy"",""last"",""day"",""of"",""season"",""i have"",""been"",""in"",""the"",""creative"",""feels"",""for"",""a"",""while"",""now"",""and"",""today"",""i am"",""to"",""share"",""what"",""i have"",""been"",""creatingğŸ“†"",""a"",""musicinspired"",""deck"",""the"",""ostinato"",""oracle"",""peep"",""this"",""infant"",""account"",""for"",""more"",""soonğŸ¼â˜ºï¸ğŸ–¤""]",Sat Mar 20 04:01:48 +0000 2021,"Happy last day of #Pisces season!  Iâ€™ve been in the creative feels for a while now and today Iâ€™m #excited to share what Iâ€™ve been creatingğŸ“†: a music-inspired #oracle deck, The Ostinato Oracle (peep this infant account @ostinatooracle for more soon).ğŸ¼â˜ºï¸ğŸ–¤ #staytuned #cartomancy https://t.co/ysedY1uJoi",1.37312E+18,excited,
"[""been"",""busy"",""all"",""night"",""just"",""sitting"",""down"",""to"",""watch"",""it"",""now""]",Sat Mar 20 03:44:45 +0000 2021,@SteelerFanMom @disneyplus Been busy all night. JUST sitting down to watch it now! #excited!!!,1.37312E+18,excited,
"[""yaahuuu"",""thanks"",""alot"",""for"",""making"",""it"",""possible"",""to"",""see"",""new"",""jersey"",""this"",""point"",""ill"",""be"",""very"",""happy"",""thanq"",""niren"",""sir"",""for"",""favour"",""the"",""jersey"",""was"",""phenomenal"",""superb"",""ğŸ˜€""]",Sat Mar 20 03:41:24 +0000 2021,"Yaahuuu Thanks alot @UnitedSprints for making it possible to see #RCB new jersey this point. I'll be very happy thanq Niren sir for favour.
The Jersey was Phenomenal Superb ğŸ˜€
#Excited #RCB #Virat #Ipl #abdevilliers #Padikkal #INDvsENG",1.37312E+18,excited,
"[""omg"",""lemme"",""add"",""enhyphen"",""to"",""my"",""carrd""]",Sat Mar 20 03:37:28 +0000 2021,omg lemme add enhyphen to my carrd #excited #ahhhh,1.37312E+18,excited,
"[""yall"",""10"",""more"",""fwends"",""until"",""100"",""on"",""twitch""]",Sat Mar 20 03:26:09 +0000 2021,"YALL 10 MORE FWENDS UNTIL 100 ON TWITCH !! 

#TwitchAffliate #smallstreamer #excited #OMG https://t.co/kzFEG8E1bU",1.37311E+18,excited,
"[""i am"",""going"",""to"",""be"",""working"",""on"",""my"",""first"",""doctor"",""as"",""a"",""client"",""ğŸ¥°ğŸ¤—""]",Sat Mar 20 03:24:44 +0000 2021,Iâ€™m going to be working on my first doctor as a client ğŸ¥°ğŸ¤— #Excited,1.37311E+18,excited,
"[""scrimmage"",""tomorrow"",""at"",""lakota"",""west"",""is"",""moved"",""back"",""a"",""little"",""from"",""the"",""original"",""schedule"",""games"",""begin"",""1"",""amp"",""230"",""we"",""will"",""pâ€¦""]",Sat Mar 20 03:21:43 +0000 2021,"RT @HarrisonSoftbal: Scrimmage tomorrow AT Lakota West is moved back a little from the original schedule

Games begin @ 1 &amp; 2:30

We will pâ€¦",1.37311E+18,excited,
"[""where"",""to"",""next"",""tokopah"",""falls""]",Sat Mar 20 03:08:11 +0000 2021,"Where to next...

#26 #thankful #optimistic #excited @ Tokopah Falls https://t.co/UWNLEokFea",1.37311E+18,excited,
"[""ordered"",""some"",""new"",""lingerie"",""cannot"",""wait""]",Sat Mar 20 03:04:02 +0000 2021,Ordered some new lingerie!! Canâ€™t wait!! #lingerie #excited #sexy https://t.co/MM66I562g5,1.37311E+18,excited,
"[""i"",""will"",""be"",""focusing"",""on"",""call"",""stack"",""and"",""memory"",""heap"",""of"",""i"",""want"",""to"",""fully"",""understand"",""the"",""fundamentals"",""of"",""how"",""javascript"",""works"",""underneath"",""the"",""hood"",""as"",""well"",""as"",""garbage"",""collection"",""memory"",""leaks"",""etc""]",Sat Mar 20 02:53:49 +0000 2021,"#Day1: I will be focusing on Call Stack and Memory Heap of #JS, I want to fully understand the fundamentals of how JavaScript works underneath the hood, as well as Garbage Collection, Memory Leaks etc. #Excited",1.37311E+18,excited,
"[""great"",""news"",""that"",""all"",""my"",""friends"",""who"",""have"",""had"",""the"",""vaccine"",""only"",""side"",""effect"",""is"",""a"",""sore"",""injection"",""site"",""which"",""happens"",""with"",""any"",""needle"",""i"",""can"",""still"",""feel"",""an"",""injection"",""i"",""had"",""after"",""hysterectomy"",""in"",""2019"",""so"",""i"",""to"",""be"",""called"",""for"",""my""]",Sat Mar 20 11:09:26 +0000 2021,"Great news that all my friends who have had the @AstraZeneca vaccine- only side effect is a sore injection site, which happens with any needle! (I can still feel an injection I had after hysterectomy in 2019!) So I #cantwait to be called for my #AstraZeneca  #vaccination !!",1.37323E+18,excited,
"[""havent"",""had"",""my"",""jab"",""yet"",""and"",""not"",""sure"",""when"",""i"",""will"",""but"",""from"",""hearing"",""comments"",""from"",""others"",""i"",""am"",""expecting"",""to"",""feel"",""tired"",""and"",""dizzy"",""great""]",Sat Mar 20 10:56:28 +0000 2021,"Haven't had my jab yet and not sure when I will but from hearing comments from others, I am expecting to feel tired and dizzy? Great! #COVID19 #cantwait",1.37323E+18,excited,
"[""hope"",""that has / that is"",""in"",""the"",""new"",""book""]",Sat Mar 20 10:48:14 +0000 2021,@catlilycooks Hope thatâ€™s in the new book :) #cantwait,1.37322E+18,excited,
"[""17"",""something"",""is"",""happening""]",Sat Mar 20 10:33:38 +0000 2021,"RT @NoMore_17: Something is happening... 
#waitingforseasonthree #mdzs #donhua #LanWangJi #cantwait https://t.co/1aKncuD75q",1.37322E+18,excited,
"[""cheers"",""this"",""time"",""in"",""two"",""weeks"",""time"",""we"",""will"",""be"",""back"",""on"",""the"",""golf"",""course""]",Sat Mar 20 10:29:50 +0000 2021,Cheers. This time in two weeks time we will be back on the Golf Course #Golf #cantwait https://t.co/M3m2f2vNAE,1.37322E+18,excited,
"[""2"",""more"",""sleeps"",""until"",""the"",""start"",""of"",""aaron"",""from"",""made"",""this"",""fabulousâ€¦""]",Sat Mar 20 10:12:44 +0000 2021,"RT @Spitfirerowers: 2 more sleeps until the start of @RacetheThames !! #exciting #cantwait 
Aaron from @brokenoarspodc1 made this fabulousâ€¦",1.37322E+18,excited,
"[""getting"",""ready"",""for"",""the"",""return"",""of"",""grassroots"",""football"",""â­ï¸""]",Sat Mar 20 10:07:18 +0000 2021,Getting ready for the return of grassroots football @HoughEndGriffin @DidsburyPe #TinsForCones #ZoomFootieTraining #CantWait â­ï¸ https://t.co/n8yDY1ihoH,1.37321E+18,excited,
"[""at"",""last"",""something"",""worth"",""watching"",""on"",""a"",""sunday"",""evening""]",Sat Mar 20 09:15:21 +0000 2021,At last!! Something worth watching on a Sunday evening. #cantwait https://t.co/dLmk8iKwZ1,1.3732E+18,excited,
"[""the"",""abc"",""and"",""louise"",""milligan"",""will"",""be"",""paying"",""porters"",""legal"",""fees"",""and"",""damages""]",Sat Mar 20 09:11:57 +0000 2021,"RT @BenHopkinsAus: The ABC and Louise Milligan will be paying Porter's legal fees. And damages. 

#CantWait https://t.co/9C7SIreWqX",1.3732E+18,excited,
"[""couple"",""of"",""cold"",""ones"",""from"",""the"",""fall"",""ğŸ£ğŸ£""]",Sat Mar 20 09:05:01 +0000 2021,Couple of cold ones from the fall ğŸ£ğŸ£ #lakeeriesmallmouth #smallmouthbass #bassfishing #lakeerielove #smallmouthnation #fishinglife #cantwait https://t.co/5X6LHeng8a,1.3732E+18,excited,
"[""wow"",""that"",""sounds"",""fantastic"",""hope"",""to"",""experience"",""it"",""soon""]",Sat Mar 20 07:49:26 +0000 2021,@amritpaldesign Wow. That sounds fantastic. Hope to experience it soon!! #cantwait,1.37318E+18,excited,
"[""another"",""busy"",""week"",""not"",""long"",""to"",""go"",""now"",""ğŸ¥³ğŸŒï¸â€â™‚ï¸ğŸŒï¸â€â™€ï¸ğŸ’¥""]",Sat Mar 20 07:47:15 +0000 2021,"RT @bentebbs: Another busy week @maldengolfclub Not long to go now! ğŸ¥³ğŸŒï¸â€â™‚ï¸ğŸŒï¸â€â™€ï¸ğŸ’¥
#golfpractice #returntogolf #surreygolf #swingstudio #cantâ€¦",1.37318E+18,excited,
"[""another"",""busy"",""week"",""not"",""long"",""to"",""go"",""now"",""ğŸ¥³ğŸŒï¸â€â™‚ï¸ğŸŒï¸â€â™€ï¸ğŸ’¥""]",Sat Mar 20 07:46:50 +0000 2021,"Another busy week @maldengolfclub Not long to go now! ğŸ¥³ğŸŒï¸â€â™‚ï¸ğŸŒï¸â€â™€ï¸ğŸ’¥
#golfpractice #returntogolf #surreygolf #swingstudio #cantwait https://t.co/4toYAgYegb",1.37318E+18,excited,
"[""the"",""abc"",""and"",""louise"",""milligan"",""will"",""be"",""paying"",""porters"",""legal"",""fees"",""and"",""damages""]",Sat Mar 20 07:17:27 +0000 2021,"RT @BenHopkinsAus: The ABC and Louise Milligan will be paying Porter's legal fees. And damages. 

#CantWait",1.37317E+18,excited,
"[""peter"",""me"",""too"",""me"",""too"",""it"",""hit"",""me"",""like"",""a"",""hurricane"",""i"",""spent"",""most"",""of"",""â€˜9091"",""singing"",""along"",""to"",""doolittle"",""and"",""surfer"",""rosa"",""seeing"",""them"",""again"",""this"",""summer"",""in"",""london"",""in"",""july""]",Sat Mar 20 07:12:39 +0000 2021,"@MU_Peter @JakeRudh Me too, me too. It hit me like a hurricane. I spent most of â€˜90-91+ singing along to Doolittle and Surfer Rosa. Seeing them again this summer in London in July #cantwait",1.37317E+18,excited,
"[""btw"",""is"",""anyone"",""else"",""stoked"",""for"",""i"",""even"",""watched"",""the"",""original"",""the"",""disappointing"",""sequel"",""amp"",""thâ€¦""]",Sat Mar 20 06:02:15 +0000 2021,"RT @philfiretogtrio: Btw, is anyone else stoked for #MortalKombatMovie ???.... I even watched the original, the (disappointing) sequel &amp; thâ€¦",1.37315E+18,excited,
"[""you"",""gonna"",""review"",""the"",""snyder"",""cut"",""ğŸ¤”""]",Sat Mar 20 05:57:07 +0000 2021,@redlettermedia You gonna review the Snyder Cut? ğŸ¤” #cantwait,1.37315E+18,excited,
"[""me"",""looking"",""forward"",""to"",""threads""]",Sat Mar 20 05:30:43 +0000 2021,RT @BuildBlaqEquity: Me looking forward to @MimiReeds threads. #cantwait #gems #Wisdom #Africa #PutAfricaFirst https://t.co/3TVoE6cEGT,1.37314E+18,excited,
"[""old"",""school"",""big"",""east"",""sunday"",""night"",""as"",""syracuse"",""takes"",""on"",""west"",""virginia"",""in"",""the"",""second"",""round""]",Sat Mar 20 04:38:04 +0000 2021,Old school Big East Sunday night as Syracuse takes on West Virginia in the second round. #cantwait,1.37313E+18,excited,
"[""2"",""opportunities"",""on"",""saturday"",""to"",""get"",""better""]",Sat Mar 20 04:30:52 +0000 2021,"2 opportunities on Saturday to get better! 

#Cantwait 
#GoIrish https://t.co/zcpwgz0LhM",1.37313E+18,excited,
"[""yay"",""is"",""one"",""of"",""my"",""favorites"",""so"",""excited"",""for"",""the"",""new"",""season"",""of"",""starz""]",Sat Mar 20 04:28:17 +0000 2021,Yay!! @vlavla is one of my favorites! So excited for the new season of @Outlander_STARZ #cantwait #Outlander https://t.co/VsMFIuOJLw,1.37313E+18,excited,
"[""not"",""long"",""left"",""to"",""go"",""ğŸ¤"",""and"",""we"",""will"",""be"",""out"",""on"",""the"",""water"",""again"",""ğŸ‘ğŸ‰""]",Sat Mar 20 04:25:06 +0000 2021,"Not long left to go ğŸ¤ and we will be out on the water again! ğŸ‘ğŸ‰ #gigrowing #cantwait #Covidsafe 
https://t.co/U1bRI34k4U",1.37313E+18,excited,
"[""snowfall"",""series"",""after"",""this"",""4"",""week"",""contract"",""will"",""be"",""a"",""â€œmust"",""lay"",""in"",""bed"",""and"",""binge"",""onâ€"",""day""]",Sat Mar 20 04:17:06 +0000 2021,"Snowfall series after this 4 week contract will be a â€œmust lay in bed and binge onâ€ day! 
#cantwait",1.37313E+18,excited,
"[""what"",""i am"",""most"",""excited"",""about"",""is"",""last"",""year"",""was"",""the"",""first"",""year"",""i have"",""ever"",""missed"",""an"",""in"",""person"",""is"",""and"",""open"",""to"",""the"",""public"",""tx"",""services"",""saturday"",""april"",""3"",""500and"",""630pm"",""sunday"",""april"",""4"",""8"",""930"",""11am""]",Sat Mar 20 04:11:53 +0000 2021,"What Iâ€™m most excited about is #Easter! Last year was the first year, Iâ€™ve ever missed an #Easterservice in person. #Easter is #Free, #Alive, and open to the public! #cantwait @nbbc_tx services
Saturday, April 3, 5:00and 6:30pm
 Sunday, April 4, 8, 9:30, 11am https://t.co/cYnNkvgHAl",1.37313E+18,excited,
"[""the"",""container"",""store"",""grand"",""opening""]",Sat Mar 20 03:24:13 +0000 2021,"The Container Store
GRAND OPENING 
#CantWait",1.37311E+18,excited,
"[""i"",""miss"",""shows"",""and"",""i"",""havent"",""seen"",""you"",""since"",""2014"",""in"",""cincinnati"",""it"",""was"",""your"",""only"",""midwest"",""show""]",Sat Mar 20 03:19:26 +0000 2021,"@deadsara I miss shows and I haven't seen you since 2014 in Cincinnati.

It was your only Midwest show...

#CantWait",1.37311E+18,excited,
"[""booked"",""our"",""place"",""for"",""the"",""boilers"",""fb"",""game"",""at"",""tonight"",""while"",""drowning"",""our"",""sorrows"",""we will"",""be"",""drinkin"",""at"",""murphyâ€™s"",""all"",""night"",""in"",""nov"",""for"",""multiple"",""nights""]",Sat Mar 20 03:11:22 +0000 2021,Booked our place for the Boilers FB game at #Wrigley tonight while drowning our sorrows. Weâ€™ll be drinkin at Murphyâ€™s all night in Nov... for multiple nights. #CantWait,1.37311E+18,excited,
"[""the"",""abc"",""and"",""louise"",""milligan"",""will"",""be"",""paying"",""porters"",""legal"",""fees"",""and"",""damages""]",Sat Mar 20 02:33:29 +0000 2021,"The ABC and Louise Milligan will be paying Porter's legal fees. And damages. 

#CantWait https://t.co/9C7SIreWqX",1.3731E+18,excited,
"[""the"",""closer"",""the"",""better""]",Sat Mar 20 02:01:17 +0000 2021,The closer the better #cantwait https://t.co/HIScoBLVic,1.37309E+18,excited,
"[""markscicluna"",""i have"",""just"",""finished"",""drawing"",""as"",""a"",""comic"",""book"",""to"",""celebrate"",""its"",""arrival"",""on"",""the"",""ğŸ’¥"",""âœï¸â€¦""]",Sat Mar 20 01:57:31 +0000 2021,RT @_markscicluna: Iâ€™ve just finished drawing #cuphead as a comic book to celebrate its arrival on the #NintendoSwitch! ğŸ’¥ #procreate âœï¸@Stuâ€¦,1.37309E+18,excited,
"[""ğŸ’—ğŸ’—"",""ğŸ˜­"",""you"",""replied"",""made"",""my"",""day"",""ğŸ’œ""]",Sat Mar 20 01:52:53 +0000 2021,"@shonnettastarot ğŸ’—ğŸ’— ğŸ˜­ you replied 
Made my day ğŸ’œ #cantwait",1.37309E+18,excited,
"[""btw"",""is"",""anyone"",""else"",""stoked"",""for"",""i"",""even"",""watched"",""the"",""original"",""the"",""disappointing"",""sequel"",""amp"",""the"",""scorpion"",""animated"",""movie"",""which"",""was"",""amazing"",""btw""]",Sat Mar 20 01:19:00 +0000 2021,"Btw, is anyone else stoked for #MortalKombatMovie ???.... I even watched the original, the (disappointing) sequel &amp; the Scorpion animated movie!! (which was amazing btw!) #cantwait",1.37308E+18,excited,
"[""i am"",""going"",""to"",""wrestlemania""]",Sat Mar 20 01:09:28 +0000 2021,Iâ€™m going to WrestleMania!!!!! #cantwait #WrestleMania #wwe #WWERaw #wwesmackdown #wweuniverse #youtuber #nerd #gamer https://t.co/lLEcWuDd5y,1.37308E+18,excited,
"[""1"",""week"",""till"",""my"",""friends"",""come"",""visit"",""me"",""and"",""2"",""weeks"",""till"",""i am"",""back"",""homeâ™¥ï¸â™¥ï¸ğŸ¥°ğŸ¥°""]",Sat Mar 20 01:07:15 +0000 2021,"1 week till my friends come visit me and 2 weeks till Iâ€™m back homeâ™¥ï¸â™¥ï¸ğŸ¥°ğŸ¥°
#cantwait #finally",1.37308E+18,excited,
"[""me"",""looking"",""forward"",""to"",""threads""]",Sat Mar 20 00:50:57 +0000 2021,Me looking forward to @MimiReeds threads. #cantwait #gems #Wisdom #Africa #PutAfricaFirst https://t.co/3TVoE6cEGT,1.37307E+18,excited,
"[""well"",""this"",""will"",""be"",""fun"",""rebuilding""]",Sat Mar 20 00:14:28 +0000 2021,Well this will be fun rebuilding #mynewdefender #110 #cantwait https://t.co/vE1r5XVNB4,1.37307E+18,excited,
"[""ooh"",""when"",""you are"",""already"",""fully"",""vaccinated"",""amp"",""your"",""friend"",""texts"",""you"",""that"",""she"",""just"",""got"",""her"",""1st"",""shot"",""we are"",""now"",""planning"",""a"",""hot"",""tub"",""party"",""time"",""in"",""a"",""few"",""weeks"",""her"",""bathing"",""suits"",""do not"",""fit"",""her"",""anymore"",""amp"",""mine"",""no"",""longer"",""contain"",""my"",""boobies"",""so"",""it shall / it will"",""be"",""extra"",""fun""]",Sat Mar 20 00:02:27 +0000 2021,Ooh! When youâ€™re already fully vaccinated &amp; your friend texts you that she just got her 1st shot... weâ€™re now planning a hot tub party time in a few weeks. Her bathing suits donâ€™t fit her anymore &amp; mine no longer contain my boobies so itâ€™ll be extra fun. #cantwait,1.37306E+18,excited,
"[""4a"",""goes"",""through"",""the"",""champs"",""we"",""hear"",""your"",""whispers"",""keep"",""thinking"",""it has / it is"",""sweet"",""u"",""soon"",""find"",""out"",""ğŸ¥¶ğŸ—£ğŸ—£""]",Fri Mar 19 23:57:00 +0000 2021,4a goes through the CHAMPS. We hear your whispers.. Keep thinking itâ€™s sweet. U soon find out  #Cantwait ğŸ¥¶ğŸ—£ğŸ—£ #CHIEFS https://t.co/tE3Ur4Ghuo,1.37306E+18,excited,
"[""i"",""occasionally"",""take"",""breaks"",""by"",""looking"",""through"",""my"",""phone"",""instead""]",Fri Mar 19 23:54:44 +0000 2021,"I occasionally take breaks by looking through my phone instead.

#gaming #work #FridayVibes #Memes #cantwait https://t.co/F9Q0llnWhG",1.37306E+18,excited,
"[""twitter"",""will"",""certainly"",""explode""]",Fri Mar 19 23:50:41 +0000 2021,RT @ImOnlyCam_: Twitter will certainly explode #Cantwait,1.37306E+18,excited,
"[""twitter"",""will"",""certainly"",""explode""]",Fri Mar 19 23:32:58 +0000 2021,Twitter will certainly explode #Cantwait https://t.co/ECHWGbTSYe,1.37305E+18,excited,
"[""that has / that is"",""so"",""cool"",""can"",""not"",""wait"",""to"",""see"",""the"",""film""]",Fri Mar 19 23:08:51 +0000 2021,"Thatâ€™s so cool!!   
Can not wait to see the film!!! #topgunmaverick #TopGun #cantwait #movies https://t.co/OzByV9x8MK",1.37305E+18,excited,
"[""so"",""many"",""things"",""to"",""watch"",""this"",""weekend"",""i"",""mean"",""itll"",""most"",""likely"",""be"",""my"",""boys"",""from"",""the"",""mcu"",""tonight"",""then"",""the"",""four"",""hour"",""nonsense"",""later""]",Fri Mar 19 23:03:52 +0000 2021,SO many things to watch this weekend. @snydercut? @falconandwinter ? I mean it'll most likely be my boys from the MCU tonight then the four hour nonsense later. #FalconAndWinterSoldier #cantwait https://t.co/4SQrLEYbJ6,1.37305E+18,excited,
"[""yeah"",""its"",""the"",""weekend"",""but"",""mondays"",""coming"",""ğŸ˜""]",Fri Mar 19 23:00:23 +0000 2021,"Yeah, it's the weekend, but MONDAY'S coming! ğŸ˜ #cantwait #redesignedesign
.
.
.
.
#theyearbookladies
#herffjonesyearbooks
#hjyearbook #yearbook
#byyourside
#howtoyearbook
#turnthepage
#fortheloveofyearbooks
#justwatchusybk
#yearbookmatters https://t.co/PtuAW9ET5h",1.37305E+18,excited,
"[""his"",""feet"",""reached"",""the"",""table"",""ğŸ¤·ğŸ¿â€â™‚ï¸ğŸ˜‚""]",Fri Mar 19 22:58:26 +0000 2021,@wesleysnipes @KevinHart4real His feet reached the table.... ğŸ¤·ğŸ¿â€â™‚ï¸ğŸ˜‚ #Greatness #CantWait,1.37305E+18,excited,
"[""welcome"",""to"",""the"",""ny"",""jets"",""all"",""gas"",""no"",""brake""]",Fri Mar 19 22:46:24 +0000 2021,"@Kroft86 Welcome to the NY Jets! All gas, no brake. #cantwait",1.37304E+18,excited,
"[""mighty"",""fine"",""set"",""of"",""caltrops"",""from"",""and"",""the"",""dice"",""and"",""gaming"",""supplies"",""are"",""great"",""too"",""ğŸ˜‰""]",Fri Mar 19 22:43:33 +0000 2021,"RT @rmanly: Mighty fine set of caltrops from @norsefoundry and @peginc!

The dice and gaming supplies are great too! ğŸ˜‰

#savageworlds #deadâ€¦",1.37304E+18,excited,
"[""keanu"",""come"",""to"",""the"",""nyj"",""great"",""fans"",""come"",""help"",""make"",""this"",""a"",""great"",""defense"",""and"",""a"",""great"",""team"",""all"",""gas"",""no"",""brake""]",Fri Mar 19 22:43:00 +0000 2021,"@JosinaAnderson Keanu - come to the NYJ. Great fans. Come help make this a great defense and a great team. All gas, no brake. #cantwait",1.37304E+18,excited,excited
"[""who has / who is"",""tuning"",""in"",""with"",""me"",""fishtown""]",Fri Mar 19 22:35:34 +0000 2021,Whoâ€™s tuning in with me?! #cantwait #bawsebesties @ Fishtown https://t.co/YWpKSUw7rI,1.37304E+18,excited,excited
"[""well"",""here"",""it"",""is"",""we"",""face"",""a"",""tough"",""bears"",""team"",""on"",""saturday"",""at"",""1pm"",""playoffs"",""baby"",""practicing"",""all"",""week"",""trying"",""toâ€¦""]",Fri Mar 19 22:18:43 +0000 2021,"RT @stillysquirta: Well here it is! We face a tough Bears team, @WSquirta on Saturday at 1pm! Playoffs baby! Practicing all week trying toâ€¦",1.37304E+18,excited,excited
"[""2"",""more"",""sleeps"",""until"",""the"",""start"",""of"",""aaron"",""from"",""made"",""this"",""fabulous"",""video"",""highlighting"",""what"",""this"",""is"",""all"",""about"",""warning"",""may"",""contain"",""some"",""nonsense"",""and"",""copious"",""amounts"",""of"",""erging"",""ğŸ˜ğŸ˜""]",Fri Mar 19 22:15:16 +0000 2021,"2 more sleeps until the start of @RacetheThames !! #exciting #cantwait 
Aaron from @brokenoarspodc1 made this fabulous video highlighting what this is all about. Warning: may contain some nonsense and copious amounts of erging ğŸ˜ğŸ˜ https://t.co/12K7DA4lAJ",1.37304E+18,excited,excited
"[""will"",""do"",""i am"",""in"",""full"",""training"",""for"",""the"",""12th"",""april"",""ğŸ¾""]",Fri Mar 19 21:31:25 +0000 2021,"Will do , Iâ€™m in full training for the 12th April  ğŸ¾ #friends #normal #cantwait !!@fylderugby https://t.co/KKBAHdnal6",1.37302E+18,excited,excited
"[""look"",""out"",""treasure"",""island"",""class"",""mrs"",""baldwin"",""has"",""an"",""email"",""from"",""boris"",""telling"",""her"",""to"",""stick"",""on"",""her"",""nails"",""dig"",""out"",""her"",""high"",""heels"",""she"",""will"",""be"",""in"",""the"",""building"",""soon""]",Fri Mar 19 21:18:08 +0000 2021,"Look out Treasure Island class, Mrs Baldwin has an email from Boris telling her to stick on her nails, dig out her high heels, she will be in the building soon!!!  @DenabyMainPri #shesback #cantwait #forgothowtowalkinheels https://t.co/qwrU403VIT",1.37302E+18,excited,excited
"[""the"",""way"",""i"",""know"",""we"",""getting"",""into"",""trouble"",""whenever"",""next"",""you"",""home"",""ğŸ¤£ğŸ˜‚"",""ğŸ‰""]",Fri Mar 19 21:18:08 +0000 2021,@flutts2 The way I know we getting into trouble whenever next you home! ğŸ¤£ğŸ˜‚ #CantWait ğŸ‰,1.37302E+18,excited,
"[""mario"",""here"",""lead"",""occasional"",""player"",""ğŸ¤£"",""for"",""barnjunkees"",""we"",""often"",""overlook""]",Fri Mar 19 21:09:37 +0000 2021,"RT @barnjunkees: https://t.co/c1eOxatuW1

Mario here. Lead #singer, occasional #guitar player ğŸ¤£ for Barnjunkees. We often overlook #SoundClâ€¦",1.37302E+18,excited,
"[""mario"",""here"",""lead"",""occasional"",""player"",""ğŸ¤£"",""for"",""barnjunkees"",""we"",""often"",""overlook"",""but"",""hereâ€™s"",""our"",""original"",""released"",""june"",""29"",""2016"",""for"",""the"",""full"",""on"",""amp"",""more""]",Fri Mar 19 21:09:08 +0000 2021,"https://t.co/c1eOxatuW1

Mario here. Lead #singer, occasional #guitar player ğŸ¤£ for Barnjunkees. We often overlook #SoundCloud but hereâ€™s our original #EP (released June 29, 2016). #cantwait for  the full #album on #AppleMusic #Spotify &amp; more

#NewMusicFriday #FolloForFolloBack https://t.co/49hYCSKKOu",1.37302E+18,excited,
"[""loveland"",""kicks"",""off"",""the"",""2021"",""season"",""against"",""moeller"",""tonight"",""â°"",""jv"",""at"",""530pm"",""varsity"",""at"",""7pm"",""ğŸ“"",""loveland"",""hs""]",Fri Mar 19 20:49:46 +0000 2021,"RT @LHStigerslax: Loveland kicks off the 2021 season against Moeller tonight.

â° JV at 5:30pm Varsity at 7pm  
ğŸ“ Loveland HS. 
#tigerup #caâ€¦",1.37301E+18,excited,
"[""i"",""didnt"",""know"",""about"",""the"",""garlic"",""and"",""herb""]",Fri Mar 19 20:48:04 +0000 2021,@erinbiba @WajahatAli I *didn't know* about the garlic and herb. #CantWait,1.37301E+18,excited,
"[""this"",""picture"",""makes"",""me"",""long"",""to"",""be"",""back"",""at"",""the"",""again"",""sure"",""have"",""missed"",""it"",""grand"",""ole"",""opry""]",Fri Mar 19 20:34:26 +0000 2021,This picture makes me long to be back at the @opry  again. Sure have missed it. #grandoleopry #cantwait #blessed @ Grand Ole Opry https://t.co/xUSGOyFZYz,1.37301E+18,excited,
"[""band"",""still"",""stream"",""on"",""youtube"",""and"",""spotifyğŸ”¥""]",Fri Mar 19 20:15:12 +0000 2021,"RT @8__band: Still stream on youtube and spotify!ğŸ”¥
https://t.co/ZRvusw5fUb
#checkit #cantwait #guilty #officialrelease #8isenough https://tâ€¦",1.37301E+18,excited,
"[""ğŸ’«"",""a"",""â€˜lil"",""less"",""than"",""4"",""12"",""till"",""we"",""are"",""live"",""from"",""the"",""best"",""card"",""shop"",""in"",""the"",""country"",""pick"",""up"",""your"",""spots"",""hereğŸ‘‡"",""only"",""a"",""fewâ€¦""]",Fri Mar 19 20:13:23 +0000 2021,RT @LincolnBreakers: ğŸ’« A â€˜Lil less than 4 1/2 till we are LIVE from the best card shop in the country!! Pick up your spots hereğŸ‘‡ only a fewâ€¦,1.373E+18,excited,
"[""ğŸ’«"",""a"",""â€˜lil"",""less"",""than"",""4"",""12"",""till"",""we"",""are"",""live"",""from"",""the"",""best"",""card"",""shop"",""in"",""the"",""country"",""pick"",""up"",""your"",""spots"",""hereğŸ‘‡"",""only"",""a"",""few"",""remain"",""see"",""you"",""at"",""730pm"",""cst"",""on"",""youtube"",""gonna"",""be"",""epic"",""â¦â©"",""ğŸ˜""]",Fri Mar 19 20:12:46 +0000 2021,ğŸ’« A â€˜Lil less than 4 1/2 till we are LIVE from the best card shop in the country!! Pick up your spots hereğŸ‘‡ only a few remain! See you at 7:30pm cst on YouTube- Gonna be epic ğŸ”¥#cantwait #thehobby #whodoyoucollect â¦@capcitycardsâ© ğŸ˜ https://t.co/Q0lmpfx37v,1.373E+18,excited,
"[""meloni"",""meloni"",""i"",""along"",""with"",""about"",""a"",""million"",""ladies"",""will"",""with"",""you"",""and"",""ğŸ˜˜"",""anytime""]",Fri Mar 19 20:06:53 +0000 2021,"@Chris_Meloni @Chris_Meloni I,  along with about a million ladies, will #popcornsnuggle with you (and @Mariska ğŸ˜˜) anytime! #cantwait",1.373E+18,excited,
"[""finally"",""sitting"",""down"",""to"",""watch"",""falcon"",""and"",""the"",""winter"",""soldier""]",Sat Mar 20 08:08:19 +0000 2021,Finally sitting down to watch Falcon and the Winter Soldier!!! #ExcitedMuch?,1.37318E+18,excited,
"[""just"",""got"",""asked"",""to"",""do"",""my"",""first"",""bridal"",""bouquet""]",Sat Mar 20 01:53:27 +0000 2021,Just got asked to do my first bridal bouquet #excitedmuch,1.37309E+18,excited,
"[""thats"",""it"",""its"",""all"",""done"",""series"",""15"",""of"",""ofduty"",""rewatched"",""ahead"",""of"",""sunday"",""night""]",Fri Mar 19 23:51:12 +0000 2021,That's it... Its all done! Series 1-5 of @Line_of_duty rewatched ahead of Sunday Night! #excitedmuch #whosH? #motherofgod #totheletterofthelaw,1.37306E+18,excited,
"[""walker"",""have"",""my"",""first"",""session"",""on"",""the"",""31st"",""i"",""feel"",""like"",""a"",""kid"",""counting"",""down"",""the"",""days"",""to"",""christmas""]",Fri Mar 19 22:15:34 +0000 2021,RT @kelly_walker: @sadiesjogren Have my first session on the 31st I feel like a kid counting down the days to Christmas #excitedmuch #12morâ€¦,1.37304E+18,excited,excited
"[""have"",""my"",""first"",""session"",""on"",""the"",""31st"",""i"",""feel"",""like"",""a"",""kid"",""counting"",""down"",""the"",""days"",""to"",""christmas""]",Fri Mar 19 21:37:19 +0000 2021,@sadiesjogren Have my first session on the 31st I feel like a kid counting down the days to Christmas #excitedmuch #12moresleeps,1.37303E+18,excited,excited
"[""cant"",""wait"",""for"",""our"",""trip"",""to"",""seattle"",""ğŸ™Œ""]",Fri Mar 19 16:39:25 +0000 2021,Cant wait for our trip to Seattle ğŸ™Œ #ExcitedMuch #BAEcation,1.37295E+18,excited,excited
"[""just"",""had"",""a"",""call"",""from"",""the"",""martial"",""arts"",""classes"",""i"",""signed"",""my"",""daughter"",""up"",""to"",""back"",""in"",""december"",""so"",""pleased"",""they"",""finally"",""open"",""up"",""next"",""week"",""ğŸ˜ğŸ˜ğŸ‘ğŸ»"",""she"",""is"",""going"",""to"",""love"",""it"",""3"",""types"",""of"",""martial"",""arts"",""learned"",""and"",""real"",""defense"",""skills"",""for"",""real"",""life"",""scenarios"",""ğŸ˜ğŸ‘ğŸ»ğŸ˜""]",Fri Mar 19 13:28:41 +0000 2021,"Just had a call from the martial arts classes I signed my daughter up to back in December 

So pleased they finally open up next week.  #ExcitedMuch ğŸ˜ğŸ˜ğŸ‘ğŸ»

She is going to love it 

3 types of martial arts learned and real defense skills for real life scenarios ğŸ˜ğŸ‘ğŸ»ğŸ˜ https://t.co/OsTQ5iSsIN",1.3729E+18,excited,
"[""ğŸ“·"",""â€œbig"",""wl"",""news"",""8am"",""tomorrow"",""morning"",""ğŸµ"",""â™¥ï¸mxâ€"",""Â©ï¸"",""yas"",""ğŸ‘ğŸ¥³ğŸ‘ğŸ¥³"",""htâ€¦""]",Fri Mar 19 11:20:16 +0000 2021,"RT @MFeehilyMusic: ğŸ“·@MarkusFeehily: â€œBIG WL NEWS - 8am tomorrow morning! ğŸµ â™¥ï¸Mxâ€

Â©ï¸ https://t.co/PxeLPGyyG9

YASSSS!! ğŸ‘ğŸ¥³ğŸ‘ğŸ¥³ #EXCITEDMUCH htâ€¦",1.37287E+18,excited,
"[""ğŸ“·"",""â€œbig"",""wl"",""news"",""8am"",""tomorrow"",""morning"",""ğŸµ"",""â™¥ï¸mxâ€"",""Â©ï¸"",""yas"",""ğŸ‘ğŸ¥³ğŸ‘ğŸ¥³""]",Thu Mar 18 20:18:05 +0000 2021,"ğŸ“·@MarkusFeehily: â€œBIG WL NEWS - 8am tomorrow morning! ğŸµ â™¥ï¸Mxâ€

Â©ï¸ https://t.co/PxeLPGyyG9

YASSSS!! ğŸ‘ğŸ¥³ğŸ‘ğŸ¥³ #EXCITEDMUCH https://t.co/8voDitcXq4",1.37264E+18,excited,
"[""tufe93"",""me"",""too""]",Tue Mar 16 21:36:23 +0000 2021,@its_tufe93 Me too #excitedmuch,1.37194E+18,excited,
"[""thanks"",""so"",""much"",""ğŸ¥°"",""getting"",""to"",""see"",""my"",""family"",""and"",""a"",""fabulous"",""game"",""reserve"",""stay""]",Tue Mar 16 18:47:25 +0000 2021,@cheek2chic Thanks so much ğŸ¥° Getting to see my family and a fabulous game reserve stay. #excitedmuch,1.3719E+18,excited,
"[""13"",""days"",""to"",""go""]",Tue Mar 16 14:47:11 +0000 2021,"#GettingCloser #ExcitedMuch
13 Days to go https://t.co/Qlg1Z87DeC",1.37184E+18,excited,
"[""a"",""new"",""type"",""of"",""commission"",""for"",""me"",""and"",""one"",""i"",""am"",""very"",""excited"",""about"",""i"",""have"",""been"",""given"",""free"",""reign"",""on"",""this"",""wall"",""space"",""to"",""created"",""something"",""artistic"",""and"",""the"",""whole"",""patio"",""area"",""to"",""dress"",""eek"",""ğŸ¤©"",""i"",""feel"",""like"",""i am"",""on"",""grand"",""designs"",""or"",""something"",""ğŸ˜‚""]",Tue Mar 16 10:34:13 +0000 2021,"A new type of commission for me, and one I am VERY excited about!! I have been given free reign on this wall space to created something artistic, and the whole patio area to dress! Eek!! ğŸ¤© I feel like Iâ€™m on grand designs or something ğŸ˜‚
#artgonewild #artistlife #excitedmuch https://t.co/MQSq0f1zcE",1.37177E+18,excited,
"[""oh"",""oh"",""im"",""going"",""to"",""play"",""ludo"",""in"",""a"",""zoom"",""script"",""read"",""for""]",Mon Mar 15 14:22:56 +0000 2021,Oh oh I'm going to play Ludo in a zoom script read for @CaravanProds #excitedmuch #labyrinth https://t.co/wzKfvEEr0Q,1.37147E+18,excited,
"[""can"",""i"",""get"",""a"",""i"",""havent"",""heard"",""play"",""since"",""warmin"",""up"",""for"",""him"",""at"",""my"",""last"",""gig"",""march2020""]",Mon Mar 15 11:39:05 +0000 2021,"Can I get a #FuckYes...?
I haven't heard @KierenLythgow play since warmin' up for him at my last gig March2020!!! #ExcitedMuch https://t.co/7jql7RYY65",1.37143E+18,excited,
"[""tcoffee"",""4"",""weeks"",""today"",""for"",""outside"",""seating""]",Mon Mar 15 10:20:54 +0000 2021,"RT @gran_t_coffee: 4 WEEKS TODAY FOR OUTSIDE SEATING
#excitedmuch #countingdownthedays #mondaymotivation #coffeehouse #coffeeshop #alty #alâ€¦",1.37141E+18,excited,
"[""4"",""weeks"",""today"",""for"",""outside"",""seating""]",Mon Mar 15 07:00:11 +0000 2021,"4 WEEKS TODAY FOR OUTSIDE SEATING
#excitedmuch #countingdownthedays #mondaymotivation #coffeehouse #coffeeshop #alty #altymarket #altrincham #altrinchammarket https://t.co/K3c6iDXNVL",1.37136E+18,excited,
"[""very"",""happy"",""hubby"",""catching"",""up"",""with"",""craig"",""demmler"",""in"",""hobart"",""at"",""saturday"",""nights"",""racing"",""robbie"",""has"",""been"",""a"",""huge"",""fan"",""of"",""jodi"",""quinlan"",""amp"",""craig"",""for"",""many"",""many"",""years"",""he"",""was"",""stoked"",""to"",""catch"",""up"",""with"",""jodi"",""amp"",""craig"",""in"",""april"",""2019"",""and"",""again"",""with"",""jodi"",""december"",""2019""]",Mon Mar 15 04:41:26 +0000 2021,"Very happy hubby catching up with Craig Demmler in Hobart at Saturday nights racing.
Robbie has been a huge fan of Jodi Quinlan &amp; Craig for many many years. 
He was stoked to catch up with Jodi &amp; Craig in April 2019 and again with Jodi December 2019
#1fan 
#excitedmuch https://t.co/qwm3NNP4Js",1.37132E+18,excited,
"[""finally"",""after"",""weeks"",""of"",""waiting"",""were"",""finally"",""getting"",""to"",""see"",""the"",""very"",""much"",""anticipated"",""s"",""director"",""debut"",""on"",""cant"",""wait"",""to"",""see"",""her"",""amazing"",""work"",""and"",""why"",""exactly"",""is"",""dressed"",""up""]",Sun Mar 14 21:14:13 +0000 2021,"Finally after weeks of waiting we're finally getting to see the very much anticipated @DanielaRuah's director debut on @NCISLA 
Can't wait to see her amazing work and why exactly @ericcolsen is dressed up.  #ExcitedMuch #NCISLA #RussiaRussiaRussia",1.37121E+18,excited,
"[""here"",""we"",""go"",""danny""]",Sat Mar 13 20:34:41 +0000 2021,Here we go #excitedmuch @TheScript_Danny,1.37084E+18,excited,
"[""looking"",""forward"",""to"",""speaking"",""at"",""today"",""at"",""11am"",""and"",""listening"",""to"",""all"",""the"",""other"",""incredible"",""women"",""on"",""the"",""lineâ€¦""]",Sat Mar 13 12:19:26 +0000 2021,RT @ToluFrimpong: Looking forward to speaking at @blackgrlfinance today at 11am and listening to all the other incredible women on the lineâ€¦,1.37071E+18,excited,
"[""looking"",""forward"",""to"",""speaking"",""at"",""today"",""at"",""11am"",""and"",""listening"",""to"",""all"",""the"",""other"",""incredible"",""women"",""on"",""the"",""line"",""up""]",Sat Mar 13 08:21:06 +0000 2021,Looking forward to speaking at @blackgrlfinance today at 11am and listening to all the other incredible women on the line up. #excitedmuch https://t.co/L7xAf3ki3Z,1.37065E+18,excited,
"[""curb"",""edges"",""going"",""in"",""ready"",""for"",""the"",""tarmacadam"",""laying"",""in"",""a"",""couple"",""of"",""weeks"",""ğŸ˜†ğŸ˜†ğŸ˜†"",""â€¦""]",Fri Mar 12 13:35:58 +0000 2021,RT @AfontafHigh: Curb edges going in ready for the tarmacadam laying in a couple of weeks ğŸ˜†ğŸ˜†ğŸ˜† #excitedmuch #TeamTÃ¢f @ActiveMerthyr @Merthyrâ€¦,1.37037E+18,excited,
"[""i am"",""to"",""announce"",""i"",""have"",""been"",""accepted"",""to"",""compete"",""to"",""be"",""the"",""yoga"",""warrior"",""of"",""2021"",""this"",""will"",""to"",""raise""]",Sat Mar 20 02:36:07 +0000 2021,RT @tdidraevolve: Iâ€™m #excited to announce I have been accepted to compete to be the Yoga Warrior of 2021. This will #help to raise #Awarenâ€¦,1.3731E+18,excited,
"[""hehe"",""lucky"",""me"",""x"",""i"",""have"",""a"",""daddy"",""to"",""please"",""and"",""make"",""videos"",""with"",""nowğŸ˜Š"",""little"",""owned""]",Sat Mar 20 02:30:23 +0000 2021,Hehe lucky me x I have a daddy to please and make videos with nowğŸ˜Š little owned bitchğŸ˜‹#excited #daddyslilslut #cute #babygirl,1.3731E+18,excited,
"[""just"",""binged"",""watched"",""all"",""of"",""s5"",""line"",""of"",""duty"",""for"",""the"",""second"",""time"",""to"",""prepare"",""myself"",""for"",""the"",""new"",""season"",""6"",""this"",""weekend"",""ofduty""]",Sat Mar 20 02:29:03 +0000 2021,Just binged watched all of S5 Line of Duty (for the second time) to prepare myself for the new Season 6 this weekend! @Line_of_duty #excited,1.3731E+18,excited,excited
"[""going"",""to"",""an"",""all"",""inclusive"",""tomorrow"",""wa"",""night"",""club""]",Sat Mar 20 02:23:17 +0000 2021,Going to an all  inclusive tomorrow w/a night club. #Excited,1.3731E+18,excited,
"[""new"",""floors"",""here"",""we"",""come""]",Sat Mar 20 02:15:16 +0000 2021,New floors here we come! #remodeling #FridayVibes #excited https://t.co/5UQv7DdfnL,1.3731E+18,excited,
"[""twas"",""the"",""night"",""before""]",Sat Mar 20 01:47:36 +0000 2021,RT @AlanMalabanan: Twas the night before #ENDO2021 #excited @TheEndoSociety,1.37309E+18,excited,
"[""who"",""would"",""have"",""thought"",""this"",""would"",""be"",""so"",""much"",""fun"",""ğŸ‘ğŸ¤”"",""see"",""our"",""full"",""range""]",Sat Mar 20 01:46:33 +0000 2021,"Who would have thought this would be so much fun ğŸ‘ğŸ¤”

See our full range @snooflepaws https://t.co/Z4jOjfFYUa 

#petsupplies #fun #toy #excited https://t.co/zQf1k2AQXS",1.37309E+18,excited,
"[""go"",""seawolves""]",Sat Mar 20 01:33:55 +0000 2021,RT @traveller1170: Go SEAWOLVES! #TogetherWeHunt #MLR2021 #Excited,1.37309E+18,excited,
"[""finally"",""launched"",""my"",""hobby"",""venture"",""ğŸ’™"",""handpoured"",""soy"",""wax"",""aroma"",""candles"",""in"",""jaipurs"",""handcrafted"",""amp"",""handpainted"",""blue"",""pottery"",""jarâ€¦""]",Sat Mar 20 01:32:27 +0000 2021,"RT @Sonalify: Finally launched my hobby venture ğŸ’™
Hand-poured soy wax aroma candles in Jaipur's handcrafted &amp; hand-painted Blue Pottery Jarâ€¦",1.37308E+18,excited,excited
"[""how"",""did"",""you"",""finde"",""the"",""first"",""episode"",""of"",""it"",""was"",""sad"",""but"",""i"",""loved"",""âœ¨"",""i am"",""excited"",""about"",""whats"",""to"",""come"",""ğŸ¤©""]",Sat Mar 20 01:28:29 +0000 2021,How did you finde the first Episode of #FalconAndWinterSoldier  ? It was sad but i loved âœ¨ Iâ€™m excited about what's to come ğŸ¤© #Avengers #marvel #DisneyPlus #MCU #excited https://t.co/bukVIKLJnJ,1.37308E+18,excited,excited
"[""mainnet"",""is"",""coming"",""ğŸ˜""]",Sat Mar 20 01:26:18 +0000 2021,@MinaProtocol @CryptoWarlordd @SirAwesomer23 @cryptoplays  Mainnet is coming... #Excited ğŸ˜,1.37308E+18,excited,
